EmpID,Employee_Name,MarriedID,MaritalStatusID,GenderID,EmpStatusID,DeptID,PerfScoreID,FromDiversityJobFairID,Salary,TermID,PositionID,State,Zip,DOB,CitizenDesc,HispanicLatino,RaceDesc,DateofHire,DateofTermination,TermReason,ManagerID,RecruitmentSource,EngagementSurvey,EmpSatisfaction,SpecialProjectsCount,LastPerformanceReview_Date,DaysLateLast30,Absences
10001,"Candie, Calvin",0,0,1,1,5,4,0,72640,0,18,MA,2169,08/09/83,US Citizen,No,White,1/28/2016,0,N/A-StillEmployed,2,Indeed,5.0,3,0,2/22/2019,0,14
10002,"Anderson, Linda  ",0,0,0,1,5,4,0,57568,0,19,MA,1844,05/22/77,US Citizen,No,White,1/9/2012,0,N/A-StillEmployed,11,LinkedIn,5.0,5,0,1/7/2019,0,15
10003,"Billis, Helen",1,1,0,1,5,4,0,62910,0,19,MA,2031,09/01/89,US Citizen,No,White,7/7/2014,0,N/A-StillEmployed,12,Indeed,5.0,3,0,2/27/2019,0,19
10004,"Lynch, Lindsay",0,0,0,5,5,4,1,47434,1,19,MA,1844,02/14/73,US Citizen,Yes,Black or African American,11/7/2011,11/14/2015,Another position,39,Diversity Job Fair,5.0,4,0,2/2/2015,0,17
10005,"Patronick, Lucas",0,0,1,5,4,4,1,108987,1,24,MA,1844,02/20/79,US Citizen,No,Black or African American,11/7/2011,9/7/2015,Another position,10,Diversity Job Fair,5.0,5,3,8/16/2015,0,13
10006,"Driver, Elle",0,0,0,1,6,4,0,74241,0,3,CA,90007,11/08/88,US Citizen,No,White,1/10/2011,0,N/A-StillEmployed,21,Indeed,4.77,5,0,1/27/2019,0,14
10007,"Harrison, Kara",1,1,0,1,5,4,0,62065,0,19,MA,1886,05/02/74,US Citizen,No,White,5/12/2014,0,N/A-StillEmployed,11,CareerBuilder,4.76,4,0,2/15/2019,0,5
10008,"Lindsay, Leonara ",0,0,0,1,3,4,1,51777,0,14,CT,6070,10/05/88,US Citizen,Yes,Black or African American,1/21/2011,0,N/A-StillEmployed,6,Diversity Job Fair,4.64,4,5,1/25/2019,0,14
10009,"Jeannite, Tayana",0,2,0,1,5,4,0,60724,0,20,MA,1821,11/06/86,US Citizen,No,American Indian or Alaska Native,7/5/2011,0,N/A-StillEmployed,19,LinkedIn,4.6,4,0,2/25/2019,0,11
10010,"Zamora, Jennifer",0,0,0,1,3,4,0,220450,0,6,MA,2067,08/30/79,US Citizen,No,White,4/10/2010,0,N/A-StillEmployed,2,Employee Referral,4.6,5,6,2/21/2019,0,16
10011,"Rivera, Haley  ",1,1,0,1,5,4,0,46738,0,19,MA,2171,01/12/73,US Citizen,No,Asian,11/28/2011,0,N/A-StillEmployed,0,Google Search,4.36,5,0,2/11/2019,0,16
10012,"Barbossa, Hector",0,2,1,1,3,4,1,92328,0,9,TX,78230,07/04/88,US Citizen,No,Black or African American,11/10/2014,0,N/A-StillEmployed,4,Diversity Job Fair,4.28,4,5,2/25/2019,0,9
10013,"Torrence, Jack",0,3,1,1,6,4,0,64397,0,3,ND,58782,01/15/68,US Citizen,No,White,1/9/2006,0,N/A-StillEmployed,21,Indeed,4.1,3,0,1/4/2019,0,6
10014,"Veera, Abdellah ",0,2,1,5,5,4,0,58523,1,19,MA,2171,01/31/87,US Citizen,No,White,8/13/2012,2/5/2016,maternity leave - did not return,20,LinkedIn,4.5,5,0,2/1/2016,0,15
10015,"Foss, Jason",0,0,1,1,3,4,0,178000,0,12,MA,1460,07/05/80,US Citizen,No,Black or African American,4/15/2011,0,N/A-StillEmployed,5,Indeed,5.0,5,5,1/7/2019,0,15
10016,"Petrowsky, Thelma",1,1,0,1,3,4,0,93554,0,9,MA,1886,09/16/84,US Citizen,No,Black or African American,11/10/2014,0,N/A-StillEmployed,4,Employee Referral,4.6,5,7,1/4/2019,0,16
10017,"Liebig, Ketsia",1,1,0,1,5,4,0,77915,0,18,MA,2110,10/26/81,US Citizen,No,White,9/30/2013,0,N/A-StillEmployed,2,Website,4.1,3,0,1/21/2019,0,11
10018,"Girifalco, Evelyn",0,0,0,1,5,4,0,57815,0,19,MA,2451,05/08/80,US Citizen,Yes,Two or more races,9/29/2014,0,N/A-StillEmployed,11,Indeed,3.9,4,0,2/7/2019,0,3
10019,"Corleone, Vito",0,0,1,1,5,4,0,170500,0,10,MA,2030,03/19/83,US Citizen,No,Black or African American,1/5/2009,0,N/A-StillEmployed,2,Indeed,3.7,5,0,2/4/2019,0,15
10020,"Robinson, Elias",0,4,1,1,5,4,0,63353,0,19,MA,1730,01/28/85,US Citizen,No,White,7/8/2013,0,N/A-StillEmployed,12,Employee Referral,3.6,5,0,2/11/2019,0,4
10021,"Osturnka, Adeel",1,1,1,1,5,4,0,47414,0,19,MA,2478,12/11/76,US Citizen,No,White,9/30/2013,0,N/A-StillEmployed,18,LinkedIn,5.0,3,0,2/7/2019,0,13
10022,"Volk, Colleen",1,1,0,4,5,4,0,49773,1,19,MA,2747,06/03/86,US Citizen,No,White,9/26/2011,2/8/2016,gross misconduct,18,Google Search,4.3,5,0,2/1/2015,0,18
10023,"Beak, Kimberly  ",1,1,0,2,5,4,0,70131,0,20,MA,2145,04/17/66,US Citizen,No,White,7/21/2016,0,N/A-StillEmployed,18,Employee Referral,4.4,3,0,1/14/2019,0,16
10024,"Szabo, Andrew",0,0,1,1,4,4,0,92989,0,24,MA,2140,05/06/83,US Citizen,No,White,7/7/2014,0,N/A-StillEmployed,10,LinkedIn,4.5,5,5,2/18/2019,0,1
10025,"Monterro, Luisa",0,0,0,1,5,4,0,72460,0,20,MA,2126,04/24/70,US Citizen,No,Black or African American,5/13/2013,0,N/A-StillEmployed,20,Indeed,4.7,3,0,1/14/2019,0,1
10026,"Adinolfi, Wilson  K",0,0,1,1,5,4,0,62506,0,19,MA,1960,07/10/83,US Citizen,No,White,7/5/2011,0,N/A-StillEmployed,22,LinkedIn,4.6,5,0,1/17/2019,0,1
10027,"Smith, Joe",0,0,1,1,5,4,0,60656,0,20,MA,2045,10/30/63,US Citizen,No,White,9/29/2014,0,N/A-StillEmployed,16,Indeed,4.3,3,0,1/28/2019,0,4
10028,"Dougall, Eric",0,0,1,1,3,4,0,138888,0,13,MA,1886,07/09/70,US Citizen,No,Black or African American,1/5/2014,0,N/A-StillEmployed,5,Indeed,4.3,5,5,1/4/2019,0,4
10029,"Clukey, Elijian",1,1,1,2,5,4,0,50373,0,19,MA,2134,08/26/80,US Citizen,No,White,7/6/2016,0,N/A-StillEmployed,12,Employee Referral,4.1,4,0,2/28/2019,0,5
10030,"Squatrito, Kristen",0,2,0,5,5,4,0,62425,1,19,MA,2359,03/26/73,US Citizen,No,White,5/13/2013,6/29/2015,unhappy,14,LinkedIn,4.1,4,0,3/2/2015,0,16
10031,"Gonzalez, Cayo",0,2,1,1,5,4,1,59892,0,19,MA,2108,09/29/69,US Citizen,No,Black or African American,7/11/2011,0,N/A-StillEmployed,12,Diversity Job Fair,4.5,4,0,2/18/2019,0,1
10032,"Peters, Lauren",1,1,0,5,5,4,0,57954,1,20,MA,1886,08/17/86,US Citizen,No,White,5/16/2011,2/4/2013,more money,19,Indeed,4.2,5,0,1/10/2013,0,12
10033,"Winthrop, Jordan  ",0,0,1,5,5,4,0,70507,1,20,MA,2045,11/07/58,US Citizen,No,White,1/7/2013,2/21/2016,retiring,12,LinkedIn,5.0,3,0,1/19/2016,0,7
10034,"Johnson, George",1,1,1,5,5,4,0,46837,1,19,MA,2445,08/19/59,US Citizen,No,White,11/7/2011,4/29/2018,more money,22,CareerBuilder,4.7,4,0,2/14/2018,0,9
10035,"Lunquist, Lisa",0,0,0,1,5,4,0,73330,0,20,MA,2324,03/28/82,US Citizen,No,Black or African American,8/19/2013,0,N/A-StillEmployed,16,Indeed,4.2,4,0,2/12/2019,0,19
10036,"Johnston, Yen",0,0,0,1,5,4,0,63322,0,20,MA,2128,09/08/69,US Citizen,No,White,7/7/2014,0,N/A-StillEmployed,12,LinkedIn,4.3,3,0,1/11/2019,0,1
10037,"Ngodup, Shari ",0,3,0,1,5,4,1,52984,0,19,MA,1810,06/03/67,US Citizen,No,Black or African American,4/1/2013,0,N/A-StillEmployed,12,Diversity Job Fair,4.0,3,0,2/13/2019,0,12
10038,"LaRotonda, William  ",0,2,1,1,1,3,0,64520,0,1,MA,1460,04/26/84,US Citizen,No,Black or African American,1/6/2014,0,N/A-StillEmployed,1,Website,5.0,4,4,1/17/2019,0,3
10039,"Singh, Nan ",0,0,0,1,1,3,0,51920,0,2,MA,2330,05/19/88,US Citizen,No,White,5/1/2015,0,N/A-StillEmployed,1,Website,5.0,3,5,1/15/2019,0,2
10040,"Carter, Michelle ",0,0,0,1,6,3,0,71860,0,3,VT,5664,05/15/63,US Citizen,No,White,8/18/2014,0,N/A-StillEmployed,17,Indeed,5.0,5,0,1/21/2019,0,7
10041,"Ozark, Travis",0,0,1,1,6,3,0,68829,0,3,NC,27229,05/19/82,US Citizen,No,White,1/5/2015,0,N/A-StillEmployed,17,Website,5.0,5,0,1/14/2019,0,18
10042,"Nguyen, Dheepa",0,0,0,1,6,3,0,63695,0,3,GA,30428,03/31/89,US Citizen,No,Two or more races,7/8/2013,0,N/A-StillEmployed,21,Indeed,5.0,5,0,1/25/2019,0,2
10043,"Zhou, Julia",0,0,0,1,3,3,0,89292,0,9,MA,2148,02/24/79,US Citizen,No,White,3/30/2015,0,N/A-StillEmployed,4,Employee Referral,5.0,3,5,2/1/2019,0,11
10044,"Tredinnick, Neville ",1,1,1,5,3,3,0,75281,1,15,MA,1420,05/05/88,US Citizen,No,White,1/5/2015,2/12/2016,medical issues,7,CareerBuilder,5.0,3,5,4/15/2015,0,11
10045,"Turpin, Jumil",1,1,1,1,3,3,0,76029,0,15,MA,2343,03/31/69,Eligible NonCitizen,No,White,3/30/2015,0,N/A-StillEmployed,7,Employee Referral,5.0,4,7,1/14/2019,0,8
10046,"Bernstein, Sean",0,0,1,1,5,3,0,51044,0,19,MA,2072,12/22/70,US Citizen,Yes,White,4/2/2012,0,N/A-StillEmployed,11,Google Search,5.0,3,0,1/14/2019,0,13
10047,"Robinson, Alain  ",1,1,1,5,5,3,0,50428,1,19,MA,1420,01/07/74,US Citizen,No,Black or African American,1/10/2011,1/26/2016,attendance,11,Indeed,5.0,3,0,1/10/2015,0,11
10048,"Wilber, Barry",1,1,1,5,5,3,0,55140,1,19,MA,2324,09/09/65,Eligible NonCitizen,No,White,5/16/2011,9/7/2015,unhappy,11,Website,5.0,3,0,2/15/2015,0,7
10049,"Fidelia,  Libby",1,1,0,1,5,3,0,58530,0,19,MA,2155,03/16/81,US Citizen,No,White,1/9/2012,0,N/A-StillEmployed,12,Google Search,5.0,5,0,1/29/2019,0,19
10050,"Pham, Hong",1,1,1,5,5,3,0,64724,1,19,MA,2451,03/06/88,US Citizen,No,Asian,7/5/2011,11/30/2012,more money,12,Google Search,5.0,3,0,2/20/2012,0,13
10051,"Gordon, David",1,1,1,1,5,3,0,48285,0,19,MA,2169,05/21/79,US Citizen,No,White,7/2/2012,0,N/A-StillEmployed,14,LinkedIn,5.0,3,0,1/14/2019,0,2
10052,"Langton, Enrico",1,1,1,1,5,3,0,46120,0,19,MA,2048,12/09/86,US Citizen,No,White,7/9/2012,0,N/A-StillEmployed,14,LinkedIn,5.0,5,0,2/4/2019,0,13
10053,"Maurice, Shana",1,1,0,1,5,3,0,54132,0,19,MA,2330,11/22/77,US Citizen,No,White,5/31/2011,0,N/A-StillEmployed,14,Indeed,5.0,4,0,1/10/2019,0,8
10054,"Rose, Ashley  ",0,3,0,1,5,3,0,60627,0,19,MA,1886,12/05/74,US Citizen,No,White,1/6/2014,0,N/A-StillEmployed,14,Website,5.0,4,0,1/31/2019,0,8
10055,"Beatrice, Courtney ",0,0,0,1,5,3,0,59026,0,19,MA,1915,10/27/70,Eligible NonCitizen,No,White,4/4/2011,0,N/A-StillEmployed,16,Google Search,5.0,5,0,1/14/2019,0,12
10056,"Darson, Jene'ya ",1,1,0,1,5,3,0,57583,0,19,MA,2110,11/05/78,US Citizen,No,White,7/2/2012,0,N/A-StillEmployed,16,Indeed,5.0,3,0,2/25/2019,0,1
10057,"Lydon, Allison",1,1,0,3,5,3,0,52057,0,19,MA,2122,10/22/75,US Citizen,No,Black or African American,2/16/2015,0,N/A-StillEmployed,16,Website,5.0,3,0,1/23/2019,0,6
10058,"Rhoads, Thomas",0,2,1,5,5,3,0,45115,1,19,MA,2176,07/22/82,US Citizen,Yes,White,5/16/2011,1/15/2016,retiring,16,LinkedIn,5.0,4,0,3/30/2015,0,11
10059,"Gross, Paula",0,2,0,5,5,3,0,63813,1,19,MA,2176,05/21/83,US Citizen,No,White,2/21/2011,1/11/2014,more money,18,CareerBuilder,5.0,5,0,6/3/2013,0,17
10060,"Jhaveri, Sneha  ",0,3,0,1,5,3,0,60436,0,19,MA,2109,04/13/64,US Citizen,No,White,1/6/2014,0,N/A-StillEmployed,18,LinkedIn,5.0,5,0,1/21/2019,0,9
10061,"Bates, Norman",0,0,1,4,5,3,0,57834,1,19,MA,2050,10/18/81,US Citizen,No,White,2/21/2011,8/4/2017,attendance,18,Google Search,5.0,4,0,4/5/2017,0,20
10062,"Athwal, Sam",0,4,1,1,5,3,0,59365,0,19,MA,2199,02/18/83,US Citizen,No,White,9/30/2013,0,N/A-StillEmployed,19,Employee Referral,5.0,4,0,2/25/2019,0,19
10063,"Newman, Richard ",1,1,1,3,5,3,0,48495,0,19,MA,2136,04/08/77,US Citizen,No,White,5/12/2014,0,N/A-StillEmployed,19,LinkedIn,5.0,5,0,2/18/2019,0,11
10064,"Eaton, Marianne",1,1,0,5,5,3,0,60070,1,19,MA,2343,09/05/91,US Citizen,No,White,4/4/2011,6/6/2017,military,20,Google Search,5.0,3,0,4/9/2017,0,7
10065,"Rossetti, Bruno",0,0,1,5,5,3,0,53180,1,19,MA,2155,03/18/87,US Citizen,No,White,4/4/2011,8/13/2018,Another position,20,Google Search,5.0,5,0,7/2/2018,0,4
10066,"Barton, Nader",0,2,1,5,5,3,0,52505,1,19,MA,2747,07/15/77,US Citizen,No,White,9/24/2012,4/6/2017,Another position,22,On-line Web application,5.0,5,0,3/2/2017,0,1
10067,"Chace, Beatrice ",0,0,0,1,5,3,0,61656,0,19,MA,2763,01/02/51,US Citizen,No,White,9/29/2014,0,N/A-StillEmployed,22,Google Search,5.0,4,0,2/12/2019,0,11
10068,"Medeiros, Jennifer",0,0,0,1,5,3,0,55688,0,19,MA,2346,09/22/76,US Citizen,No,White,3/30/2015,0,N/A-StillEmployed,22,CareerBuilder,5.0,4,0,1/21/2019,0,10
10069,"Anderson, Carol ",0,2,0,5,5,3,0,50825,1,19,MA,2169,09/08/89,US Citizen,No,White,7/11/2011,9/6/2016,return to school,39,Google Search,5.0,4,0,2/1/2016,0,2
10070,"DeGweck,  James",1,1,1,5,5,3,0,55722,1,19,MA,1810,10/31/77,US Citizen,No,White,5/16/2011,6/8/2016,unhappy,39,Indeed,5.0,4,0,4/2/2016,0,14
10071,"Sewkumar, Nori",0,0,0,3,5,3,0,50923,0,19,MA,2191,03/10/75,US Citizen,No,Asian,9/30/2013,0,N/A-StillEmployed,0,Google Search,5.0,5,0,2/6/2019,0,14
10072,"Whittier, Scott",0,0,1,5,5,3,0,58371,1,19,MA,2030,05/24/87,US Citizen,Yes,White,1/10/2011,5/15/2014,hours,39,LinkedIn,5.0,5,0,5/15/2014,0,11
10073,"Mancuso, Karen",1,1,0,5,5,3,0,68407,1,20,MA,2176,12/10/86,US Citizen,No,Two or more races,7/5/2011,8/19/2012,Another position,11,LinkedIn,5.0,4,0,7/2/2012,0,16
10074,"Hankard, Earnest",0,0,1,1,5,3,0,64246,0,20,MA,2155,08/10/88,US Citizen,Yes,White,11/11/2013,0,N/A-StillEmployed,18,LinkedIn,5.0,3,0,1/8/2019,0,20
10075,"Hendrickson, Trina",0,0,0,5,5,3,0,68099,1,20,MA,2021,08/27/72,US Citizen,No,White,1/10/2011,6/18/2013,hours,18,CareerBuilder,5.0,3,0,1/30/2013,0,15
10076,"Carthy, B'rigit",0,0,0,1,5,3,0,55315,0,20,MA,2149,05/21/87,US Citizen,No,Black or African American,3/30/2015,0,N/A-StillEmployed,19,LinkedIn,5.0,5,0,2/7/2019,0,16
10077,"Manchester, Robyn",1,1,0,2,5,3,0,62385,0,20,MA,2324,08/25/76,US Citizen,No,White,5/11/2016,0,N/A-StillEmployed,0,LinkedIn,5.0,3,0,1/21/2019,0,4
10078,"Oliver, Brooke ",1,1,0,5,5,3,0,71966,1,20,MA,2492,02/11/52,US Citizen,No,Asian,5/14/2012,8/19/2013,unhappy,39,LinkedIn,5.0,3,0,7/2/2013,0,17
10079,"Navathe, Kurt",0,0,1,1,3,3,0,87921,0,22,MA,2056,04/25/70,US Citizen,No,Asian,2/10/2017,0,N/A-StillEmployed,13,Indeed,5.0,3,6,2/25/2019,0,17
10080,"Foster-Baker, Amy",1,1,0,1,1,3,0,99351,0,26,MA,2050,04/16/79,US Citizen,no,White,1/5/2009,0,N/A-StillEmployed,9,Other,5.0,3,2,2/8/2019,0,3
10081,"Boutwell, Bonalyn",1,1,0,1,1,3,1,106367,0,26,MA,2468,04/04/87,US Citizen,No,Black or African American,2/16/2015,0,N/A-StillEmployed,3,Diversity Job Fair,5.0,4,3,2/18/2019,0,4
10082,"Carr, Claudia  N",0,0,0,2,3,3,0,100031,0,27,MA,1886,06/06/86,US Citizen,No,Black or African American,6/30/2016,0,N/A-StillEmployed,4,LinkedIn,5.0,5,6,2/18/2019,0,7
10083,"Cross, Noah",0,0,1,1,3,3,0,92329,0,28,CT,6278,09/09/65,US Citizen,No,White,11/10/2014,0,N/A-StillEmployed,7,Employee Referral,5.0,3,4,1/2/2019,0,5
10084,"Ait Sidi, Karthikeyan   ",1,1,1,5,3,3,0,104437,1,27,MA,2148,05/05/75,US Citizen,No,White,3/30/2015,6/16/2016,career change,4,Indeed,4.96,3,6,2/24/2016,0,17
10085,"Carabbio, Judith",0,0,0,1,4,3,0,93396,0,24,MA,2132,04/05/87,US Citizen,No,White,11/11/2013,0,N/A-StillEmployed,10,Indeed,4.96,4,6,1/30/2019,0,3
10086,"Roper, Katie",0,0,0,1,3,3,0,150290,0,7,MA,2056,11/21/72,US Citizen,No,Black or African American,1/7/2017,0,N/A-StillEmployed,13,Indeed,4.94,3,5,2/6/2019,0,17
10087,"Leach, Dallas",0,0,0,5,5,3,0,63676,1,19,MA,1810,01/17/79,US Citizen,No,Asian,9/26/2011,8/19/2018,return to school,20,CareerBuilder,4.88,3,0,7/2/2017,0,17
10088,"Alagbe,Trina",1,1,0,1,5,3,0,64991,0,19,MA,1886,09/27/88,US Citizen,No,White,1/7/2008,0,N/A-StillEmployed,16,Indeed,4.84,5,0,1/3/2019,0,15
10089,"King, Janet",1,1,0,1,2,3,0,250000,0,16,MA,1902,09/21/54,US Citizen,Yes,White,7/2/2012,0,N/A-StillEmployed,9,Indeed,4.83,3,0,1/17/2019,0,10
10090,"Spirea, Kelley",1,1,0,1,5,3,0,65714,0,18,MA,2451,09/30/75,US Citizen,No,White,10/2/2012,0,N/A-StillEmployed,2,LinkedIn,4.83,5,0,2/14/2019,0,15
10091,"Shields, Seffi",1,1,0,1,5,3,0,52087,0,19,MA,2149,08/24/85,US Citizen,No,White,8/19/2013,0,N/A-StillEmployed,11,LinkedIn,4.81,4,0,2/15/2019,0,15
10092,"Landa, Hans",1,1,1,4,5,3,0,82758,1,18,MA,1890,07/01/72,US Citizen,No,White,1/10/2011,12/12/2015,attendance,2,Employee Referral,4.78,4,0,2/15/2015,0,9
10093,"Fitzpatrick, Michael  J",0,0,1,5,5,3,0,72609,1,20,MA,2143,10/01/81,US Citizen,Yes,White,5/16/2011,6/24/2013,hours,11,Google Search,4.76,5,0,4/5/2013,0,20
10094,"Cornett, Lisa ",1,1,0,1,5,3,0,63381,0,19,MA,2189,03/31/77,US Citizen,Yes,White,1/5/2015,0,N/A-StillEmployed,18,Indeed,4.73,5,0,2/14/2019,0,6
10095,"Sloan, Constance",0,0,0,5,5,3,0,63878,1,20,MA,1851,11/25/87,US Citizen,No,White,10/26/2009,4/8/2015,maternity leave - did not return,22,CareerBuilder,4.68,4,0,4/2/2015,0,20
10096,"Lundy, Susan",0,4,0,5,5,3,0,67237,1,20,MA,2122,12/26/76,US Citizen,No,White,7/8/2013,9/15/2016,more money,22,LinkedIn,4.65,4,0,6/10/2016,0,15
10097,"Harrington, Christie ",0,0,0,5,5,3,0,52177,1,19,MA,2324,08/18/52,US Citizen,No,White,1/9/2012,12/15/2015,retiring,39,CareerBuilder,4.64,4,0,5/2/2015,0,8
10098,"Gray, Elijiah  ",0,2,1,1,5,3,0,62957,0,18,MA,1752,07/11/81,US Citizen,No,White,6/2/2015,0,N/A-StillEmployed,2,Employee Referral,4.63,3,0,1/4/2019,0,2
10099,"Daneault, Lynn",0,0,0,1,6,3,0,65729,0,21,VT,5473,04/19/90,US Citizen,No,White,5/5/2014,0,N/A-StillEmployed,15,Indeed,4.62,4,0,1/24/2019,0,8
10100,"Demita, Carla",0,3,0,5,5,3,0,58275,1,20,MA,2343,02/25/51,US Citizen,No,Black or African American,4/4/2011,11/4/2015,more money,18,Google Search,4.62,5,0,5/6/2015,0,1
10101,"Gonzalez, Maria",0,3,0,1,3,3,0,61242,0,14,MA,2472,04/16/81,US Citizen,Yes,White,1/5/2015,0,N/A-StillEmployed,7,Employee Referral,4.61,4,5,1/28/2019,0,11
10102,"True, Edward",0,0,1,5,4,3,1,100416,1,24,MA,2451,06/14/83,Non-Citizen,No,Black or African American,2/18/2013,4/15/2018,medical issues,10,Diversity Job Fair,4.6,3,4,2/12/2017,0,9
10103,"Leruth, Giovanni",0,3,1,1,6,3,0,70468,0,3,UT,84111,12/27/88,US Citizen,No,Black or African American,4/30/2012,0,N/A-StillEmployed,17,Website,4.53,3,0,1/29/2019,0,16
10104,"Nowlan, Kristie",0,0,0,1,5,3,0,66738,0,20,MA,1040,11/23/85,US Citizen,No,White,11/10/2014,0,N/A-StillEmployed,16,Indeed,4.53,5,0,1/16/2019,0,5
10105,"Dunn, Amy  ",0,0,0,1,5,3,0,75188,0,18,MA,1731,11/28/73,US Citizen,No,White,9/18/2014,0,N/A-StillEmployed,2,Google Search,4.52,4,0,1/15/2019,0,4
10106,"Langford, Lindsey",0,2,0,5,5,3,0,66074,1,20,MA,2090,07/25/79,US Citizen,No,Asian,1/7/2013,3/31/2014,Another position,14,Indeed,4.52,3,0,2/20/2014,0,20
10107,"Burke, Joelle",0,0,0,1,5,3,0,63763,0,20,MA,2148,03/02/80,US Citizen,No,Black or African American,3/5/2012,0,N/A-StillEmployed,11,Employee Referral,4.51,4,0,2/21/2019,0,3
10108,"Champaigne, Brian",1,1,1,1,3,3,0,110929,0,5,MA,2045,02/09/72,US Citizen,No,White,9/6/2016,0,N/A-StillEmployed,5,Indeed,4.5,5,7,1/15/2019,0,8
10109,"Guilianno, Mike",0,0,1,5,6,3,0,71707,1,3,TN,37129,02/09/69,US Citizen,No,Two or more races,3/7/2012,10/31/2014,relocation out of area,17,LinkedIn,4.5,5,0,2/1/2013,0,20
10110,"Martin, Sandra",0,0,0,1,4,3,0,105688,0,24,MA,2135,11/07/87,US Citizen,No,Asian,11/11/2013,0,N/A-StillEmployed,10,Google Search,4.5,5,4,1/14/2019,0,14
10111,"Garcia, Raul",0,0,1,1,5,3,0,52249,0,19,MA,1905,09/15/85,US Citizen,Yes,White,3/30/2015,0,N/A-StillEmployed,14,Employee Referral,4.5,3,0,2/18/2019,0,5
10112,"Horton, Jayne",0,0,0,1,3,3,0,97999,0,8,MA,2493,02/21/84,US Citizen,No,White,3/30/2015,0,N/A-StillEmployed,4,Indeed,4.48,5,6,1/3/2019,0,4
10113,"Lajiri,  Jyoti",1,1,1,3,3,3,0,93206,0,28,MA,2169,04/23/86,US Citizen,No,White,11/10/2014,0,N/A-StillEmployed,7,Employee Referral,4.46,5,6,1/7/2019,0,7
10114,"Bachiochi, Linda",0,0,0,3,5,3,1,47837,0,19,MA,1902,02/11/70,US Citizen,No,Black or African American,7/6/2009,0,N/A-StillEmployed,12,Diversity Job Fair,4.46,3,0,1/25/2019,0,4
10115,"Carey, Michael  ",0,0,1,1,5,3,0,52846,0,19,MA,1701,02/02/83,US Citizen,No,Black or African American,3/31/2014,0,N/A-StillEmployed,18,LinkedIn,4.43,3,0,2/1/2019,0,14
10116,"Miller, Brannon",0,0,1,1,5,3,0,83667,0,18,MA,2045,08/10/81,US Citizen,yes,Hispanic,8/16/2012,0,N/A-StillEmployed,2,Indeed,4.37,3,0,1/14/2019,0,2
10117,"Sullivan, Timothy",1,1,1,1,5,3,0,63025,0,19,MA,2747,10/07/82,US Citizen,Yes,White,1/5/2015,0,N/A-StillEmployed,22,Google Search,4.36,5,0,1/24/2019,0,10
10118,"Voldemort, Lord",1,1,1,4,3,3,0,113999,1,8,MA,1960,08/07/86,US Citizen,No,Black or African American,2/16/2015,2/22/2017,"no-call, no-show",4,Employee Referral,4.33,3,7,2/15/2017,0,9
10119,"Soto, Julia ",1,1,0,1,3,3,0,66593,0,14,MA,2360,03/12/73,US Citizen,No,Black or African American,6/10/2011,0,N/A-StillEmployed,6,LinkedIn,4.3,3,5,2/8/2019,0,19
10120,"Moumanil, Maliki ",0,3,1,1,5,3,0,74417,0,20,MA,1460,12/01/74,US Citizen,No,Black or African American,5/13/2013,0,N/A-StillEmployed,22,LinkedIn,4.29,5,0,1/28/2019,0,11
10121,"Onque, Jasmine",0,0,0,1,6,3,0,63051,0,3,FL,33174,05/11/90,US Citizen,Yes,White,9/30/2013,0,N/A-StillEmployed,21,Indeed,4.28,3,0,1/25/2019,0,1
10122,"Gerke, Melisa",0,2,0,5,5,3,1,51505,1,19,MA,2330,05/15/70,US Citizen,No,Black or African American,11/7/2011,11/15/2016,hours,16,Diversity Job Fair,4.24,4,0,4/29/2016,0,2
10123,"Tippett, Jeanette",0,2,0,1,5,3,0,56339,0,19,MA,2093,06/05/67,US Citizen,No,Black or African American,2/18/2013,0,N/A-StillEmployed,12,Indeed,4.21,5,0,1/14/2019,0,4
10124,"Potts, Xana",1,1,0,1,6,3,0,61844,0,3,KY,40220,08/29/88,US Citizen,No,Black or African American,1/9/2012,0,N/A-StillEmployed,21,Website,4.2,5,0,2/1/2019,0,9
10125,"Handschiegl, Joanne",1,1,0,1,5,3,0,54828,0,19,MA,2127,03/23/77,US Citizen,No,White,11/28/2011,0,N/A-StillEmployed,22,Google Search,4.2,4,0,2/22/2019,0,13
10126,"Saada, Adell",1,1,0,1,4,3,0,86214,0,24,MA,2132,07/24/86,US Citizen,No,White,11/5/2012,0,N/A-StillEmployed,10,Indeed,4.2,3,6,2/13/2019,0,2
10127,"Warfield, Sarah",0,4,0,1,3,3,0,107226,0,28,MA,2453,05/02/78,US Citizen,No,Asian,3/30/2015,0,N/A-StillEmployed,7,Employee Referral,4.2,4,8,2/5/2019,0,7
10128,"Meads, Elizabeth",0,0,0,5,5,3,1,62659,1,19,MA,1760,05/30/68,US Citizen,No,Black or African American,4/2/2012,11/11/2016,Another position,18,Diversity Job Fair,4.18,4,0,2/5/2016,0,17
10129,"Heitzman, Anthony",0,0,1,1,5,3,0,46998,0,19,MA,2149,01/04/84,US Citizen,No,White,8/13/2012,0,N/A-StillEmployed,19,Google Search,4.17,4,0,2/11/2019,0,1
10130,"Peterson, Ebonee  ",1,1,0,5,5,3,0,74669,1,18,MA,2030,05/09/77,US Citizen,No,White,10/25/2010,5/18/2016,Another position,2,Indeed,4.16,5,0,3/5/2015,0,6
10131,"Quinn, Sean",1,1,1,5,1,3,1,83363,1,23,MA,2045,11/06/84,Eligible NonCitizen,No,Black or African American,2/21/2011,8/15/2015,career change,2,Diversity Job Fair,4.15,4,0,4/19/2014,0,4
10132,"Crimmings,   Jean",0,0,0,2,5,3,0,56149,0,19,MA,1821,04/10/87,US Citizen,No,White,7/6/2016,0,N/A-StillEmployed,22,LinkedIn,4.12,5,0,1/28/2019,0,15
10133,"Dolan, Linda",1,1,0,1,3,3,0,70621,0,14,MA,2119,07/18/88,US Citizen,No,White,1/5/2015,0,N/A-StillEmployed,7,Employee Referral,4.11,4,6,2/25/2019,0,16
10134,"LeBlanc, Brandon  R",1,1,1,1,1,3,0,93046,0,23,MA,1460,06/10/84,US Citizen,No,White,1/5/2016,0,N/A-StillEmployed,2,CareerBuilder,4.1,4,0,1/28/2019,0,20
10135,"Woodson, Jason",0,0,1,1,5,3,0,65893,0,20,MA,1810,05/11/85,US Citizen,No,White,7/7/2014,0,N/A-StillEmployed,20,LinkedIn,4.07,4,0,2/28/2019,0,13
10136,"Fancett, Nicole",0,0,0,1,5,3,0,65902,0,20,MA,2324,09/27/87,US Citizen,No,Black or African American,2/17/2014,0,N/A-StillEmployed,0,LinkedIn,4.0,4,0,1/7/2019,0,7
10137,"Linden, Mathew",1,1,1,3,5,3,0,63450,0,20,MA,1770,03/19/79,US Citizen,No,White,7/8/2013,0,N/A-StillEmployed,18,LinkedIn,4.0,3,0,2/18/2019,0,7
10138,"Jung, Judy  ",1,1,0,5,5,3,0,61154,1,19,MA,2446,04/17/86,US Citizen,No,Black or African American,1/10/2011,4/1/2016,unhappy,16,CareerBuilder,4.0,4,0,2/3/2016,0,4
10139,"Ivey, Rose ",0,0,0,1,5,3,0,51908,0,19,MA,1775,01/28/91,US Citizen,No,White,8/19/2013,0,N/A-StillEmployed,12,Indeed,3.99,3,0,1/14/2019,0,14
10140,"Ren, Kylo",1,1,1,1,6,3,0,61809,0,3,ID,83706,10/12/54,US Citizen,No,White,5/12/2014,0,N/A-StillEmployed,17,CareerBuilder,3.98,3,0,1/28/2019,0,4
10141,"Theamstern, Sophia",0,0,0,5,5,3,0,48413,1,19,MA,2066,05/09/65,US Citizen,No,White,7/5/2011,9/5/2016,return to school,11,Indeed,3.98,4,0,3/2/2016,0,1
10142,"Gill, Whitney  ",0,4,0,4,6,3,0,59370,1,3,OH,43050,07/10/71,US Citizen,No,Black or African American,7/7/2014,9/5/2015,attendance,17,CareerBuilder,3.97,4,0,1/15/2014,0,7
10143,"Davis, Daniel",0,0,1,1,5,3,0,56294,0,20,MA,2458,09/14/79,Eligible NonCitizen,No,Two or more races,11/7/2011,0,N/A-StillEmployed,20,LinkedIn,3.96,4,0,2/27/2019,0,6
10144,"Vega, Vincent",0,2,1,1,5,3,0,88976,0,17,MA,2169,10/10/68,US Citizen,No,White,8/1/2011,0,N/A-StillEmployed,2,Employee Referral,3.93,3,0,2/27/2019,0,19
10145,"Mckenna, Sandy",1,1,0,1,5,3,0,62810,0,19,MA,2184,01/07/87,US Citizen,No,Black or African American,1/7/2013,0,N/A-StillEmployed,20,CareerBuilder,3.93,3,0,1/30/2019,0,20
10146,"Tejeda, Lenora ",1,1,0,5,5,3,0,72202,1,20,MA,2129,05/24/53,US Citizen,No,White,5/16/2011,7/8/2017,Another position,16,Google Search,3.93,3,0,4/18/2017,0,3
10147,"Steans, Tyrone  ",0,0,1,1,1,3,0,63003,0,1,MA,2703,09/01/86,US Citizen,No,White,9/29/2014,0,N/A-StillEmployed,1,Indeed,3.9,5,5,1/18/2019,0,9
10148,"Panjwani, Nina",1,1,0,5,5,3,0,63515,1,19,MA,2351,05/01/79,US Citizen,No,White,2/7/2011,1/12/2014,Another position,16,Google Search,3.89,4,0,3/4/2013,0,7
10149,"Roehrich, Bianca",0,0,0,5,3,3,0,120000,1,29,MA,2703,05/27/73,US Citizen,Yes,White,1/5/2015,11/10/2018,Another position,4,LinkedIn,3.88,3,7,2/13/2018,0,12
10150,"Cady, Max ",0,0,1,1,4,3,0,77692,0,25,MA,2184,11/22/66,US Citizen,No,White,8/15/2011,0,N/A-StillEmployed,5,Google Search,3.84,3,5,1/21/2019,0,4
10151,"Morway, Tanya",1,1,0,1,3,3,0,52599,0,15,MA,2048,04/04/79,US Citizen,No,White,2/16/2015,0,N/A-StillEmployed,7,CareerBuilder,3.81,3,6,2/11/2019,0,6
10152,"Rarrick, Quinn",0,2,1,5,5,3,0,61729,1,19,MA,2478,12/31/84,US Citizen,No,White,9/26/2011,4/7/2018,more money,22,Indeed,3.8,5,0,2/4/2018,0,19
10153,"Smith, Leigh Ann",1,1,0,5,1,3,1,55000,1,2,MA,1844,06/14/87,US Citizen,No,Black or African American,9/26/2011,9/25/2013,career change,1,Diversity Job Fair,3.8,4,4,8/15/2013,0,17
10154,"Chang, Donovan  E",0,0,1,1,5,3,0,60380,0,19,MA,1845,08/24/83,US Citizen,No,White,7/8/2013,0,N/A-StillEmployed,0,LinkedIn,3.8,5,0,1/14/2019,0,4
10155,"Del Bosque, Keyla",0,0,0,1,4,3,0,101199,0,24,MA,2176,07/05/79,US Citizen,No,Black or African American,1/9/2012,0,N/A-StillEmployed,10,CareerBuilder,3.79,5,5,1/25/2019,0,8
10156,"Johnson, Noelle ",1,1,0,3,3,3,0,105700,0,8,MA,2301,11/07/86,US Citizen,No,Asian,1/5/2015,0,N/A-StillEmployed,4,Indeed,3.75,3,5,2/11/2019,0,2
10157,"Smith, Sade",0,0,0,1,5,3,0,58939,0,19,MA,2130,02/02/65,US Citizen,No,White,11/11/2013,0,N/A-StillEmployed,19,Employee Referral,3.73,3,0,1/24/2019,0,16
10158,"Sullivan, Kissy ",1,1,0,1,5,3,0,63682,0,18,MA,1776,03/28/78,US Citizen,No,Black or African American,1/8/2009,0,N/A-StillEmployed,2,Indeed,3.73,4,0,1/24/2019,0,12
10159,"Gentry, Mildred",1,1,0,1,5,3,0,51337,0,19,MA,2145,10/01/90,US Citizen,No,Black or African American,3/30/2015,0,N/A-StillEmployed,22,LinkedIn,3.73,3,0,1/16/2019,0,19
10160,"Huynh, Ming",0,2,0,5,5,3,0,68182,1,20,MA,1742,09/22/76,US Citizen,No,White,2/21/2011,4/1/2013,unhappy,11,Google Search,3.72,3,0,2/1/2013,0,18
10161,"Terry, Sharlene ",0,0,0,1,6,3,0,58370,0,3,OR,97756,05/07/65,US Citizen,No,Black or African American,9/29/2014,0,N/A-StillEmployed,21,Indeed,3.69,3,0,1/28/2019,0,18
10162,"Roby, Lori ",1,1,0,1,3,3,0,89883,0,9,MA,1886,10/11/81,US Citizen,No,White,2/16/2015,0,N/A-StillEmployed,4,Employee Referral,3.69,5,6,2/14/2019,0,15
10163,"Foreman, Tanya",1,1,0,5,5,3,0,55965,1,20,MA,2170,11/08/83,US Citizen,No,White,4/4/2011,1/9/2013,career change,19,Google Search,3.66,3,0,1/7/2012,0,6
10164,"Pitt, Brad ",0,0,1,1,5,3,0,47001,0,19,MA,2451,11/23/81,US Citizen,No,White,11/5/2007,0,N/A-StillEmployed,14,Google Search,3.66,3,0,2/25/2019,0,15
10165,"Kreuger, Freddy",0,0,1,1,6,3,1,71339,0,3,NY,10171,02/24/69,US Citizen,Yes,Black or African American,3/7/2011,0,N/A-StillEmployed,17,Diversity Job Fair,3.65,5,0,1/17/2019,0,20
10166,"Kinsella, Kathleen  ",1,1,0,5,5,3,0,54005,1,19,MA,2170,12/08/73,US Citizen,No,White,9/26/2011,6/4/2015,more money,39,Google Search,3.6,5,0,3/1/2015,0,16
10167,"Hitchcock, Alfred",1,1,1,1,6,3,0,70545,0,3,NH,3062,09/14/88,US Citizen,No,American Indian or Alaska Native,8/18/2014,0,N/A-StillEmployed,17,Indeed,3.6,5,0,1/30/2019,0,9
10168,"Cierpiszewski, Caroline  ",0,0,0,1,5,3,0,64816,0,19,MA,2044,05/31/88,Non-Citizen,No,Black or African American,10/3/2011,0,N/A-StillEmployed,19,Indeed,3.58,5,0,1/30/2019,0,3
10169,"Sander, Kamrin",1,1,0,1,5,3,0,56147,0,19,MA,2154,07/10/88,US Citizen,No,Black or African American,9/29/2014,0,N/A-StillEmployed,16,LinkedIn,3.51,3,0,2/18/2019,0,2
10170,"Kirill, Alexandra  ",1,1,0,5,5,3,0,45433,1,19,MA,2127,10/08/70,US Citizen,No,White,9/26/2011,1/9/2014,more money,11,Google Search,3.49,4,0,1/30/2013,0,6
10171,"Perry, Shakira",0,0,0,5,5,3,0,45998,1,19,MA,2176,07/20/86,US Citizen,No,White,5/16/2011,10/25/2015,medical issues,11,LinkedIn,3.45,4,0,5/13/2014,0,5
10172,"Wang, Charlie",0,0,1,1,3,3,0,84903,0,22,MA,1887,07/08/81,US Citizen,No,Asian,2/15/2017,0,N/A-StillEmployed,13,Indeed,3.42,4,7,1/4/2019,0,17
10173,"Tannen, Biff",1,1,1,1,3,3,0,90100,0,4,MA,2134,10/24/87,US Citizen,No,White,4/20/2017,0,N/A-StillEmployed,13,Indeed,3.4,3,6,1/2/2019,0,14
10174,"Wolk, Hang  T",0,0,0,1,5,3,0,60446,0,20,MA,2302,04/20/85,US Citizen,No,White,9/29/2014,0,N/A-StillEmployed,14,LinkedIn,3.4,4,0,2/21/2019,0,14
10175,"Bozzi, Charles",0,0,1,5,5,3,0,74312,1,18,MA,1901,03/10/70,US Citizen,No,Asian,9/30/2013,8/7/2014,retiring,2,Indeed,3.39,3,0,2/20/2014,0,14
10176,"Kretschmer, John",1,1,1,1,5,3,0,63973,0,19,MA,1801,02/02/80,US Citizen,No,Asian,1/10/2011,0,N/A-StillEmployed,12,Indeed,3.38,3,0,1/21/2019,0,17
10177,"Brill, Donna",1,1,0,5,5,3,0,53492,1,19,MA,1701,08/24/90,US Citizen,No,White,4/2/2012,6/15/2013,Another position,14,Google Search,3.35,4,0,3/4/2013,0,6
10178,"Simard, Kramer",1,1,1,1,3,3,0,87826,0,9,MA,2110,02/08/70,US Citizen,Yes,White,1/5/2015,0,N/A-StillEmployed,4,Employee Referral,3.32,3,7,1/14/2019,0,16
10179,"Shepard, Anita ",1,1,0,1,3,3,0,50750,0,15,MA,1773,04/14/81,US Citizen,No,White,9/30/2014,0,N/A-StillEmployed,7,LinkedIn,3.31,3,6,1/7/2019,0,7
10180,"Soze, Keyser",1,1,1,2,3,3,0,87565,0,28,MA,1545,02/09/83,US Citizen,No,Asian,6/30/2016,0,N/A-StillEmployed,7,LinkedIn,3.27,4,5,1/14/2019,0,13
10181,"Burkett, Benjamin ",1,1,1,1,5,3,0,62162,0,20,MA,1890,08/19/77,US Citizen,No,White,4/4/2011,0,N/A-StillEmployed,19,Indeed,3.25,5,0,1/14/2019,0,15
10182,"Howard, Estelle",1,1,0,1,1,3,0,49920,1,2,MA,2170,09/16/85,US Citizen,No,Black or African American,2/16/2015,4/15/2015,"no-call, no-show",1,Indeed,3.24,3,4,4/15/2015,0,6
10183,"Von Massenbach, Anna",0,0,0,2,5,3,0,62068,0,19,MA,2124,04/06/85,US Citizen,No,White,7/5/2015,0,N/A-StillEmployed,22,LinkedIn,3.21,3,0,1/29/2019,0,7
10184,"Buccheri, Joseph  ",0,0,1,1,5,3,0,65288,0,20,MA,1013,07/28/83,US Citizen,No,White,9/29/2014,0,N/A-StillEmployed,0,Google Search,3.19,3,0,2/1/2019,0,9
10185,"Ndzi, Horia",1,1,1,5,5,3,0,46664,1,19,MA,2421,03/28/83,US Citizen,No,White,4/1/2013,5/25/2016,more money,11,Employee Referral,3.18,3,0,3/6/2016,0,10
10186,"Linares, Marilyn ",1,1,0,5,5,3,0,52624,1,19,MA,1886,03/26/81,US Citizen,No,White,7/5/2011,9/26/2018,unhappy,22,Indeed,3.18,4,0,3/2/2018,0,16
10187,"Power, Morissa",0,2,0,5,5,3,0,46799,1,19,MA,1742,10/15/84,Eligible NonCitizen,No,Asian,5/16/2011,6/4/2018,Another position,20,Google Search,3.17,4,0,4/2/2018,0,14
10188,"Bunbury, Jessica",1,1,0,5,6,3,0,74326,1,3,VA,21851,06/01/64,Eligible NonCitizen,No,Black or African American,8/15/2011,8/2/2014,Another position,17,Google Search,3.14,5,0,2/10/2013,1,19
10189,"Ferguson, Susan",1,1,0,5,5,3,0,57748,1,19,MA,2176,04/14/55,US Citizen,No,White,11/7/2011,5/17/2016,military,39,Google Search,3.13,3,0,2/4/2016,0,16
10190,"Walker, Roger",0,0,1,1,5,3,0,66541,0,20,MA,2459,02/10/76,US Citizen,No,Black or African American,8/18/2014,0,N/A-StillEmployed,19,Employee Referral,3.11,5,0,2/12/2019,0,4
10191,"MacLennan, Samuel",0,4,1,5,5,3,0,52788,1,19,MA,1938,11/09/72,US Citizen,No,White,9/24/2012,9/26/2017,hours,11,Indeed,3.08,4,0,4/1/2017,0,18
10192,"Keatts, Kramer ",0,0,1,1,5,3,0,50482,0,19,MA,1887,01/19/76,US Citizen,No,White,9/30/2013,0,N/A-StillEmployed,22,Indeed,3.07,4,0,1/23/2019,0,10
10193,"Costello, Frank",1,1,1,1,3,3,0,83552,0,9,MA,1810,08/26/86,US Citizen,No,White,3/30/2015,0,N/A-StillEmployed,4,Indeed,3.04,3,6,1/22/2019,0,2
10194,"Andreola, Colby",0,0,0,1,4,3,0,95660,0,24,MA,2110,05/24/79,US Citizen,No,White,11/10/2014,0,N/A-StillEmployed,10,LinkedIn,3.04,3,4,1/2/2019,0,19
10195,"Homberger, Adrienne  J",1,1,0,5,5,3,0,63478,1,20,MA,2445,02/16/84,Non-Citizen,No,White,8/15/2011,4/7/2012,relocation out of area,30,Indeed,3.03,5,0,3/5/2012,0,16
10196,"Akinkuolie, Sarah",1,1,0,5,5,3,0,64955,1,20,MA,1810,09/19/88,US Citizen,No,White,7/5/2011,9/24/2012,hours,20,LinkedIn,3.02,3,0,5/15/2012,0,3
10197,"DeVito, Tommy",0,0,1,1,3,3,0,96820,0,4,MA,2045,09/04/83,US Citizen,No,White,2/15/2017,0,N/A-StillEmployed,13,Indeed,3.01,5,7,1/23/2019,0,15
10198,"Roup,Simon",0,0,1,1,3,3,0,140920,0,13,MA,2481,04/05/73,US Citizen,No,White,1/20/2013,0,N/A-StillEmployed,5,Indeed,3.6,5,7,2/18/2019,0,13
10199,"Booth, Frank",0,0,1,4,3,3,0,103613,1,30,CT,6033,07/30/64,US Citizen,No,Black or African American,2/17/2014,2/19/2016,Learned that he is a gangster,4,LinkedIn,3.5,5,7,1/10/2016,0,2
10200,"Chigurh, Anton",0,0,1,1,6,3,0,66808,0,3,TX,78207,06/11/70,Eligible NonCitizen,No,Black or African American,5/14/2012,0,N/A-StillEmployed,21,Employee Referral,3.0,5,0,1/19/2019,0,17
10201,"Hunts, Julissa",0,0,0,2,5,3,0,69340,0,20,MA,2021,03/11/84,US Citizen,No,White,6/6/2016,0,N/A-StillEmployed,16,LinkedIn,3.0,5,0,1/18/2019,0,4
10202,"McKinzie, Jac",1,1,1,2,6,3,0,63291,0,3,TX,78789,07/01/84,US Citizen,No,Two or more races,7/6/2016,0,N/A-StillEmployed,21,Website,3.4,4,0,1/29/2019,0,7
10203,"Bugali, Josephine ",0,3,0,3,5,3,1,64375,0,19,MA,2043,10/30/69,US Citizen,No,Black or African American,11/11/2013,0,N/A-StillEmployed,20,Diversity Job Fair,3.5,5,0,1/21/2019,0,17
10204,"Wilkes, Annie",0,2,0,5,5,3,0,58062,1,19,MA,1876,07/30/83,US Citizen,No,White,1/10/2011,5/14/2012,Another position,19,Google Search,3.6,5,0,2/6/2011,0,9
10205,"Valentin,Jackie",1,1,0,1,6,3,0,57859,0,3,AZ,85006,05/23/91,US Citizen,No,Two or more races,7/5/2011,0,N/A-StillEmployed,17,Indeed,2.81,3,0,1/17/2019,0,16
10206,"Nguyen, Lei-Ming",0,0,0,1,5,3,0,62061,0,19,MA,2132,07/07/84,US Citizen,No,White,7/8/2013,0,N/A-StillEmployed,14,LinkedIn,3.6,5,0,1/2/2019,0,4
10207,"Dobrin, Denisa  S",0,0,0,1,5,3,0,46335,0,19,MA,2125,10/07/86,US Citizen,Yes,White,4/2/2012,0,N/A-StillEmployed,14,CareerBuilder,3.4,5,0,2/19/2019,0,15
10208,"Knapp, Bradley  J",0,0,1,1,5,3,0,46654,0,19,MA,1721,11/10/77,US Citizen,No,Black or African American,2/17/2014,0,N/A-StillEmployed,19,LinkedIn,3.1,3,0,2/6/2019,0,3
10209,"Sutwell, Barbara",0,0,0,1,5,3,0,59238,0,19,MA,2718,08/15/68,Eligible NonCitizen,No,Asian,5/14/2012,0,N/A-StillEmployed,16,Indeed,3.4,5,0,1/31/2019,0,13
10210,"Chan, Lin",0,0,0,1,5,3,0,54237,0,19,MA,2170,02/12/79,US Citizen,No,White,5/12/2014,0,N/A-StillEmployed,16,Indeed,3.3,4,0,2/19/2019,0,11
10211,"Dunne, Amy",1,1,0,1,5,3,0,62514,0,19,MA,1749,09/23/73,US Citizen,No,White,4/26/2010,0,N/A-StillEmployed,19,Google Search,2.9,3,0,1/21/2019,0,6
10212,"Daniele, Ann  ",1,1,0,3,3,3,0,85028,0,28,CT,6033,01/18/52,US Citizen,No,White,11/10/2014,0,N/A-StillEmployed,7,LinkedIn,3.1,5,8,2/12/2019,0,19
10213,"Monkfish, Erasumus",1,1,1,1,5,3,0,58207,0,20,MA,1450,08/17/92,US Citizen,No,White,11/7/2011,0,N/A-StillEmployed,14,LinkedIn,3.7,3,0,1/8/2019,0,14
10214,"Hutter, Rosalie",0,3,0,2,5,3,0,64995,0,20,MA,2351,05/07/92,US Citizen,No,White,6/5/2015,0,N/A-StillEmployed,0,Indeed,4.5,3,0,2/14/2019,0,6
10215,"Ndzi, Colombui",0,0,1,5,5,3,1,50470,1,19,MA,2110,05/02/89,US Citizen,No,Black or African American,9/26/2011,4/4/2014,return to school,39,Diversity Job Fair,4.3,3,0,3/2/2013,0,19
10216,"Myers, Michael",0,0,1,1,5,3,0,57575,0,19,MA,1550,04/18/80,US Citizen,No,Asian,7/8/2013,0,N/A-StillEmployed,20,LinkedIn,4.1,4,0,1/22/2019,0,13
10217,"Petingill, Shana  ",1,1,0,1,5,3,0,74226,0,20,MA,2050,03/10/79,Eligible NonCitizen,No,Asian,4/2/2012,0,N/A-StillEmployed,12,LinkedIn,4.3,3,0,1/14/2019,0,14
10218,"Gosciminski, Phylicia  ",0,3,0,3,5,3,0,66149,0,20,MA,1824,12/08/83,US Citizen,No,American Indian or Alaska Native,9/30/2013,0,N/A-StillEmployed,20,Google Search,4.4,5,0,2/21/2019,0,1
10219,"Mahoney, Lauren  ",0,0,0,1,5,3,0,45395,0,19,MA,2189,07/07/86,US Citizen,No,White,1/6/2014,0,N/A-StillEmployed,19,LinkedIn,4.6,4,0,2/26/2019,0,14
10220,"Clayton, Rick",0,0,1,1,3,3,0,68678,0,14,MA,2170,09/05/85,US Citizen,No,White,9/5/2012,0,N/A-StillEmployed,6,Indeed,4.7,3,6,2/27/2019,0,2
10221,"Tavares, Desiree  ",1,1,0,5,5,3,1,60754,1,19,MA,1801,04/03/75,Non-Citizen,No,Black or African American,4/27/2009,4/1/2013,Another position,39,Diversity Job Fair,4.5,5,0,2/15/2012,0,11
10222,"Ruiz, Ricardo",0,2,1,5,3,3,1,148999,1,13,MA,1915,01/04/64,US Citizen,No,Black or African American,1/9/2012,11/4/2015,hours,5,Diversity Job Fair,4.3,4,6,1/4/2015,0,8
10223,"Moran, Patrick",0,0,1,3,5,3,1,72106,0,20,MA,2127,12/03/76,US Citizen,No,Black or African American,1/9/2012,0,N/A-StillEmployed,18,Diversity Job Fair,4.1,4,0,1/31/2019,0,12
10224,"Robertson, Peter",1,1,1,5,5,3,0,55578,1,20,MA,2138,07/03/72,US Citizen,No,White,7/5/2011,2/8/2012,Another position,20,Indeed,4.2,5,0,1/6/2012,0,13
10225,"Punjabhi, Louis  ",0,0,1,1,5,3,0,59472,0,19,MA,2109,06/19/61,US Citizen,No,White,1/6/2014,0,N/A-StillEmployed,18,Employee Referral,4.8,3,0,1/7/2019,0,14
10226,"Biden, Lowan  M",0,2,0,1,5,3,0,64919,0,19,MA,2027,12/27/58,US Citizen,No,Asian,8/19/2013,0,N/A-StillEmployed,19,Indeed,4.2,3,0,1/10/2019,0,2
10227,"Jackson, Maryellen",0,0,0,1,5,3,0,61242,0,19,MA,2081,09/11/72,US Citizen,No,Black or African American,11/5/2012,0,N/A-StillEmployed,14,LinkedIn,4.1,3,0,1/17/2019,0,7
10228,"Goeth, Amon",1,1,1,1,3,3,0,74679,0,14,MA,2135,11/24/89,US Citizen,Yes,White,3/30/2015,0,N/A-StillEmployed,7,LinkedIn,4.3,5,7,1/10/2019,0,20
10229,"Salter, Jason",0,2,1,5,3,3,0,88527,1,9,MA,2452,12/17/87,US Citizen,No,Black or African American,1/5/2015,10/31/2015,hours,4,LinkedIn,4.2,3,5,4/20/2015,0,2
10230,"Roberson, May",0,2,0,5,5,3,0,64971,1,20,MA,1902,09/05/81,Eligible NonCitizen,No,Black or African American,9/26/2011,10/22/2011,return to school,14,Google Search,4.5,4,0,10/22/2011,0,10
10231,"Khemmich, Bartholemew",0,0,1,1,6,3,0,65310,0,3,CO,80820,11/27/79,US Citizen,No,White,8/19/2013,0,N/A-StillEmployed,21,Indeed,4.3,5,0,1/22/2019,0,13
10232,"Le, Binh",0,0,0,1,3,3,0,81584,0,22,MA,1886,06/14/87,US Citizen,No,Asian,10/2/2016,0,N/A-StillEmployed,13,Indeed,4.1,5,7,1/8/2019,0,2
10233,"Sahoo, Adil",1,1,1,1,5,3,0,57975,0,20,MA,2062,04/26/86,US Citizen,No,White,8/30/2010,0,N/A-StillEmployed,18,CareerBuilder,4.1,3,0,1/10/2019,0,13
10234,"Gruber, Hans",1,1,1,1,3,3,0,99020,0,4,MA,2134,06/30/89,US Citizen,No,Black or African American,4/20/2017,0,N/A-StillEmployed,13,Indeed,4.2,5,5,1/28/2019,0,8
10235,"England, Rex",1,1,1,1,5,3,0,54285,0,19,MA,2045,08/25/78,US Citizen,No,White,3/31/2014,0,N/A-StillEmployed,18,Employee Referral,4.2,3,0,1/11/2019,0,3
10236,"Jacobi, Hannah  ",0,2,0,1,5,3,0,45069,0,19,MA,1778,03/22/66,US Citizen,No,White,9/30/2013,0,N/A-StillEmployed,20,Employee Referral,4.3,5,0,2/22/2019,0,7
10237,"Good, Susan",1,1,0,3,5,3,0,66825,0,20,MA,1886,05/25/86,US Citizen,No,White,5/12/2014,0,N/A-StillEmployed,14,LinkedIn,4.6,3,0,2/7/2019,0,20
10238,"Brown, Mia",1,1,0,1,1,3,1,63000,0,1,MA,1450,11/24/87,US Citizen,No,Black or African American,10/27/2008,0,N/A-StillEmployed,1,Diversity Job Fair,4.5,2,6,1/15/2019,0,14
10239,"Rachael, Maggie",1,1,0,1,3,3,0,95920,0,4,MA,2110,05/12/80,US Citizen,No,Black or African American,10/2/2016,0,N/A-StillEmployed,13,Indeed,4.4,4,6,2/6/2019,0,10
10240,"Chivukula, Enola",0,0,0,5,5,3,0,64786,1,19,MA,1775,08/27/83,US Citizen,No,White,6/27/2011,11/15/2015,relocation out of area,11,Indeed,4.3,4,0,3/10/2015,0,3
10241,"Strong, Caitrin",1,1,0,1,6,3,0,60120,0,3,MT,59102,05/12/89,US Citizen,No,Black or African American,9/27/2010,0,N/A-StillEmployed,17,Indeed,4.1,4,0,1/31/2019,0,18
10242,"Barbara, Thomas",1,1,1,5,5,3,1,47211,1,19,MA,2062,02/21/74,US Citizen,Yes,Black or African American,4/2/2012,9/19/2016,unhappy,20,Diversity Job Fair,4.2,3,0,5/6/2016,0,15
10243,"Gold, Shenice  ",0,0,0,1,5,3,0,53018,0,19,MA,2451,06/18/92,US Citizen,Yes,White,11/11/2013,0,N/A-StillEmployed,19,Indeed,4.3,5,0,2/18/2019,0,7
10244,"Kampew, Donysha",0,0,0,5,6,3,0,68999,1,21,PA,19444,11/11/89,US Citizen,No,White,11/7/2011,4/24/2014,maternity leave - did not return,15,Google Search,4.5,5,0,3/30/2013,0,2
10245,"Becker, Renee",0,0,0,4,3,3,0,110000,1,8,MA,2026,04/04/86,US Citizen,Yes,White,7/7/2014,9/12/2015,performance,4,Google Search,4.5,4,5,1/15/2015,0,8
10246,"Goble, Taisha",0,0,0,4,3,3,0,114800,1,8,MA,2127,10/23/71,US Citizen,No,White,2/16/2015,3/15/2015,"no-call, no-show",4,Indeed,4.6,4,4,1/20/2015,0,10
10247,"Engdahl, Jean",0,0,1,1,5,3,0,48888,0,19,MA,2026,05/31/74,US Citizen,No,White,11/10/2014,0,N/A-StillEmployed,18,LinkedIn,4.7,5,0,2/13/2019,0,8
10248,"Hudson, Jane",0,0,0,1,5,3,0,55425,0,19,MA,2176,06/10/86,US Citizen,No,White,2/20/2012,0,N/A-StillEmployed,19,LinkedIn,4.8,4,0,1/7/2019,0,4
10249,"Latif, Mohammed",1,1,1,5,5,3,0,61962,1,20,MA,2126,05/09/84,US Citizen,No,White,4/2/2012,4/15/2013,more money,20,Google Search,4.9,3,0,2/20/2013,0,20
10250,"Bacong, Alejandro ",0,2,1,1,3,3,0,50178,0,14,MA,1886,01/07/88,US Citizen,No,White,1/5/2015,0,N/A-StillEmployed,7,Indeed,5.0,5,6,2/18/2019,0,16
10251,"Lecter, Hannibal",1,1,1,1,5,3,0,64738,0,19,MA,1776,09/02/82,US Citizen,No,Asian,5/14/2012,0,N/A-StillEmployed,16,Google Search,4.1,3,0,2/22/2019,0,10
10252,"Baczenski, Rachael  ",1,1,0,5,5,3,1,54670,1,19,MA,1902,01/12/74,US Citizen,Yes,Black or African American,1/10/2011,1/12/2017,Another position,14,Diversity Job Fair,4.2,4,0,1/30/2016,0,12
10253,"Villanueva, Noah",0,0,1,1,6,3,0,55875,0,3,ME,4063,07/11/89,US Citizen,No,Asian,3/5/2012,0,N/A-StillEmployed,17,Website,4.5,4,0,1/18/2019,0,11
10254,"Motlagh,  Dawn",0,2,0,1,5,3,0,63430,0,19,MA,2453,07/07/84,US Citizen,No,White,4/1/2013,0,N/A-StillEmployed,16,LinkedIn,4.4,4,0,1/17/2019,0,18
10255,"Givens, Myriam",0,0,0,1,6,3,0,61555,0,3,IN,46204,09/22/89,US Citizen,No,White,2/16/2015,0,N/A-StillEmployed,21,Indeed,4.5,5,0,1/25/2019,0,20
10256,"Goyal, Roxana",1,1,0,3,5,3,0,49256,0,19,MA,1864,10/09/74,US Citizen,No,Asian,8/19/2013,0,N/A-StillEmployed,20,LinkedIn,4.1,5,0,2/15/2019,0,3
10257,"Gaul, Barbara",0,0,0,1,5,3,0,53171,0,19,MA,2121,12/02/83,US Citizen,Yes,Black or African American,5/16/2011,0,N/A-StillEmployed,18,LinkedIn,4.2,4,0,2/26/2019,0,12
10258,"Fraval, Maruk ",0,0,1,1,6,3,0,67251,0,3,CT,6050,08/28/63,US Citizen,No,Black or African American,9/6/2011,0,N/A-StillEmployed,21,CareerBuilder,4.3,3,0,1/27/2019,2,7
10259,"Pearson, Randall",1,1,1,5,3,3,0,93093,1,9,MA,2747,09/05/84,US Citizen,No,White,12/1/2014,5/1/2016,performance,4,Employee Referral,4.7,4,5,1/16/2016,0,19
10260,"Sadki, Nore  ",0,0,1,5,5,3,0,46428,1,19,MA,2148,12/21/74,US Citizen,No,White,1/5/2009,7/30/2018,relocation out of area,22,Google Search,4.6,5,0,2/5/2018,0,7
10261,"Cockel, James",0,0,1,1,5,3,0,63108,0,19,MA,2452,09/08/77,US Citizen,No,White,7/8/2013,0,N/A-StillEmployed,14,Employee Referral,4.4,5,0,1/14/2019,0,3
10262,"Purinton, Janine",0,2,0,5,5,3,0,46430,1,19,MA,2474,09/22/70,US Citizen,No,White,9/24/2012,6/18/2013,unhappy,20,Indeed,4.5,5,0,4/2/2013,0,16
10263,"Faller, Megan ",1,1,0,1,5,3,0,71776,0,20,MA,1824,09/22/78,US Citizen,No,Black or African American,7/7/2014,0,N/A-StillEmployed,16,LinkedIn,4.4,5,0,2/22/2019,0,17
10264,"Williams, Jacquelyn  ",0,0,0,5,5,3,1,59728,1,19,MA,2109,10/02/69,US Citizen,Yes,Black or African American,1/9/2012,6/27/2015,relocation out of area,19,Diversity Job Fair,4.3,4,0,6/2/2014,0,16
10265,"Barone, Francesco  A",0,0,1,1,5,3,0,58709,0,19,MA,1810,07/20/83,US Citizen,No,Two or more races,2/20/2012,0,N/A-StillEmployed,18,Google Search,4.6,4,0,2/14/2019,0,7
10266,"Stoica, Rick",1,1,1,1,5,3,0,61355,0,19,MA,2301,03/14/85,US Citizen,No,Asian,2/17/2014,0,N/A-StillEmployed,18,LinkedIn,4.7,3,0,1/11/2019,0,4
10267,"Bondwell, Betsy",0,0,0,5,5,3,0,57815,1,20,MA,2210,01/16/67,US Citizen,No,White,1/10/2011,4/4/2014,career change,16,Google Search,4.8,5,0,3/4/2014,0,5
10268,"Thibaud, Kenneth",0,4,1,5,5,3,0,67176,1,20,MA,2472,09/16/75,US Citizen,No,White,6/25/2007,8/30/2010,military,39,Other,4.1,4,0,7/14/2010,0,15
10269,"Close, Phil",1,1,1,5,5,3,0,59369,1,20,MA,2169,11/25/78,US Citizen,No,White,8/30/2010,9/26/2011,career change,14,Indeed,4.2,4,0,5/4/2011,0,6
10270,"Trzeciak, Cybil",0,0,0,5,5,3,0,74813,1,20,MA,1778,03/15/85,US Citizen,No,White,1/10/2011,7/2/2014,unhappy,11,LinkedIn,4.4,3,0,1/5/2014,0,5
10271,"Zima, Colleen",0,4,0,1,5,3,0,45046,0,19,MA,1730,08/17/78,US Citizen,No,Asian,9/29/2014,0,N/A-StillEmployed,14,LinkedIn,4.5,5,0,1/30/2019,0,2
10272,"Houlihan, Debra",1,1,0,1,6,3,0,180000,0,11,RI,2908,03/17/66,US Citizen,No,White,5/5/2014,0,N/A-StillEmployed,2,LinkedIn,4.5,4,0,1/21/2019,0,19
10273,"Galia, Lisa",0,0,0,1,3,3,0,65707,0,14,CT,6040,07/06/68,US Citizen,No,White,5/1/2010,0,N/A-StillEmployed,6,LinkedIn,4.7,4,5,2/1/2019,0,1
10274,"Wallace, Courtney  E",1,1,0,5,5,3,1,80512,1,18,MA,2478,11/14/55,US Citizen,No,Black or African American,9/26/2011,1/2/2012,Another position,2,Diversity Job Fair,4.5,3,0,1/2/2012,0,5
10275,"Cloninger, Jennifer",1,1,0,5,5,3,0,64066,1,20,MA,1752,08/31/81,US Citizen,No,White,5/16/2011,1/7/2013,unhappy,12,Google Search,4.2,5,0,5/3/2012,0,9
10276,"Dickinson, Geoff ",0,0,1,1,5,3,0,51259,0,19,MA,2180,11/15/82,US Citizen,No,White,5/12/2014,0,N/A-StillEmployed,19,Indeed,4.3,4,0,2/19/2019,0,1
10277,"Becker, Scott",0,0,1,3,5,3,0,53250,0,19,MA,2452,04/06/79,US Citizen,No,Asian,7/8/2013,0,N/A-StillEmployed,0,LinkedIn,4.2,4,0,1/11/2019,0,13
10278,"Stanford,Barbara  M",0,2,0,1,5,3,0,47961,0,19,MA,2050,08/25/82,US Citizen,No,Two or more races,1/10/2011,0,N/A-StillEmployed,20,Google Search,4.1,4,0,2/7/2019,0,9
10279,"Mangal, Debbie",1,1,0,1,5,3,0,61349,0,19,MA,2451,11/07/74,US Citizen,No,White,11/11/2013,0,N/A-StillEmployed,12,LinkedIn,4.1,3,0,1/22/2019,0,11
10280,"Estremera, Miguel",0,0,1,4,5,2,0,60340,1,19,MA,2129,09/02/83,US Citizen,No,White,4/2/2012,9/27/2018,attendance,22,Google Search,5.0,4,0,4/12/2018,5,16
10281,"Owad, Clinton",0,0,1,1,5,2,0,53060,0,19,MA,1760,11/24/79,US Citizen,No,Black or African American,2/17/2014,0,N/A-StillEmployed,22,LinkedIn,4.25,3,0,2/4/2019,4,6
10282,"Corleone, Michael",0,2,1,1,5,2,0,68051,0,18,MA,1803,12/17/75,US Citizen,No,White,7/20/2010,0,N/A-StillEmployed,2,CareerBuilder,4.13,2,0,1/14/2019,3,3
10283,"Gilles, Alex",1,1,1,5,5,2,1,54933,1,19,MA,2062,08/09/74,US Citizen,No,Black or African American,4/2/2012,6/25/2015,military,39,Diversity Job Fair,3.97,4,0,1/20/2015,3,15
10284,"DiNocco, Lily ",1,1,0,1,5,2,0,61584,0,19,MA,2351,12/02/78,US Citizen,No,Black or African American,1/7/2013,0,N/A-StillEmployed,12,Indeed,3.88,4,0,1/18/2019,0,6
10285,"Robinson, Cherly",1,1,0,4,5,2,0,61422,1,19,MA,1460,01/07/85,US Citizen,No,White,1/10/2011,5/17/2016,attendance,19,Indeed,3.6,3,0,4/5/2016,4,16
10286,"Smith, Martin",0,0,1,5,5,2,0,53564,1,19,MA,2458,03/17/88,US Citizen,No,Black or African American,1/10/2011,12/28/2017,career change,39,Google Search,3.54,5,0,4/6/2017,4,15
10287,"Trang, Mei",0,0,0,1,5,2,0,63025,0,19,MA,2021,05/16/83,US Citizen,No,White,2/17/2014,0,N/A-StillEmployed,14,LinkedIn,2.44,5,0,2/11/2019,4,18
10288,"Monroe, Peter",1,1,1,1,3,2,1,157000,0,13,MA,2134,10/05/86,Eligible NonCitizen,Yes,Black or African American,2/15/2012,0,N/A-StillEmployed,5,Diversity Job Fair,2.39,3,6,2/22/2019,4,13
10289,"Immediato, Walter",1,1,1,5,5,2,0,83082,1,18,MA,2128,11/15/76,US Citizen,No,Asian,2/21/2011,9/24/2012,unhappy,2,Indeed,2.34,2,0,4/12/2012,3,4
10290,"Exantus, Susan",1,1,0,4,4,2,0,99280,1,24,MA,1749,05/15/87,US Citizen,No,Black or African American,5/2/2011,6/5/2013,attendance,10,Indeed,2.1,5,4,8/10/2012,4,19
10291,"Smith, John",0,2,1,1,6,2,1,72992,0,21,MA,1886,08/16/84,US Citizen,No,Black or African American,5/18/2014,0,N/A-StillEmployed,15,Diversity Job Fair,2.4,4,0,1/16/2019,2,16
10292,"Cole, Spencer",0,0,1,4,5,2,0,59144,1,19,MA,1880,08/12/79,US Citizen,No,Black or African American,7/11/2011,9/23/2016,performance,20,LinkedIn,2.0,3,0,5/1/2016,5,16
10293,"Wallace, Theresa",0,0,0,5,5,2,0,50274,1,19,MA,1887,08/02/80,US Citizen,No,White,8/13/2012,9/1/2015,career change,16,CareerBuilder,2.5,3,0,9/5/2014,6,13
10294,"Blount, Dianna",0,0,0,1,5,2,0,66441,0,20,MA,2171,09/21/90,US Citizen,No,White,4/4/2011,0,N/A-StillEmployed,22,CareerBuilder,2.0,3,0,2/27/2019,2,3
10295,"Saar-Beckles, Melinda",0,0,0,2,5,2,1,47750,0,19,MA,1801,06/06/68,US Citizen,No,Black or African American,7/4/2016,0,N/A-StillEmployed,18,Diversity Job Fair,2.6,4,0,2/18/2019,5,4
10296,"Evensen, April",0,0,0,4,5,2,0,59124,1,19,MA,2458,05/06/89,US Citizen,No,White,2/17/2014,2/25/2018,"no-call, no-show",16,Google Search,2.3,3,0,1/15/2017,5,19
10297,"Pelletier, Ermine",1,1,0,5,5,2,0,60270,1,20,MA,2472,07/18/89,US Citizen,No,Asian,7/5/2011,9/15/2015,unhappy,11,CareerBuilder,2.4,5,0,2/6/2015,5,2
10298,"Miller, Ned",0,0,1,5,5,1,0,55800,1,20,MA,2472,06/29/85,US Citizen,No,White,8/15/2011,9/4/2014,unhappy,12,LinkedIn,3.0,2,0,1/14/2013,6,6
10299,"Erilus, Angela",0,3,0,1,5,1,0,56847,0,20,MA,2133,08/25/89,US Citizen,No,White,7/7/2014,0,N/A-StillEmployed,22,Indeed,3.0,1,0,2/25/2019,2,5
10300,"Gonzalez, Juan",1,1,1,5,5,1,1,68898,1,20,MA,2128,10/12/64,US Citizen,No,Black or African American,4/26/2010,5/30/2011,career change,12,Diversity Job Fair,3.0,3,0,3/6/2011,3,10
10301,"Ybarra, Catherine ",0,0,0,5,5,1,0,48513,1,19,MA,2458,05/04/82,US Citizen,No,Asian,9/2/2008,9/29/2015,Another position,12,Google Search,3.2,2,0,9/2/2015,5,4
10302,"Sparks, Taylor  ",1,1,0,1,5,1,0,64021,0,19,MA,2093,07/20/68,US Citizen,No,White,2/20/2012,0,N/A-StillEmployed,12,Indeed,2.4,2,1,2/25/2019,6,20
10303,"O'hare, Lynn",0,0,0,4,5,1,0,52674,1,19,MA,2152,09/30/80,US Citizen,No,Two or more races,3/31/2014,5/1/2018,performance,20,LinkedIn,2.33,2,0,3/9/2018,6,3
10304,"Dietrich, Jenna  ",0,0,0,1,6,1,0,59231,0,3,WA,98052,05/14/87,US Citizen,Yes,White,2/20/2012,0,N/A-StillEmployed,17,Website,2.3,1,0,1/29/2019,2,17
10305,"Forrest, Alex",1,1,1,1,6,3,0,70187,1,3,MA,2330,07/07/75,US Citizen,No,White,9/29/2014,8/19/2018,Fatal attraction,21,Employee Referral,2.0,5,0,1/28/2019,4,7
10306,"Delarge, Alex",0,0,1,1,6,1,0,61568,0,3,AL,36006,11/02/75,US Citizen,No,Two or more races,9/29/2014,0,N/A-StillEmployed,17,Indeed,1.93,3,0,1/30/2019,6,5
10307,"Stansfield, Norman",1,1,1,1,6,1,0,58273,0,3,NV,89139,05/09/74,US Citizen,No,White,5/12/2014,0,N/A-StillEmployed,21,Website,1.81,2,0,1/17/2019,3,5
10308,"Fernandes, Nilson  ",1,1,1,1,5,1,0,64057,0,19,MA,2132,10/18/89,US Citizen,No,White,5/11/2015,0,N/A-StillEmployed,11,Indeed,1.56,5,0,1/3/2019,6,15
10309,"Fett, Boba",0,0,1,1,3,1,0,53366,0,15,MA,2138,06/18/87,US Citizen,No,White,3/30/2015,0,N/A-StillEmployed,7,LinkedIn,1.2,3,6,2/4/2019,3,2
10310,"Desimone, Carl ",1,1,1,1,5,1,0,53189,0,19,MA,2061,04/19/67,US Citizen,No,White,7/7/2014,0,N/A-StillEmployed,11,Indeed,1.12,2,0,1/31/2019,4,9
10311,"Dee, Randy",1,1,1,1,6,1,0,56991,0,19,MA,2138,04/15/88,US Citizen,No,White,7/9/2018,0,N/A-StillEmployed,12,Indeed,4.3,4,3,1/31/2019,2,2
